Workbook

Sheet units
A7: 1 | B7: =A7 -> 1 | C7: =TEXT(A7,LOOKUP(A7,$F$8:$F$14,$G$8:$G$14)) -> 1 | F7: Value | G7: Format code | H7: Accounting format code
A8: 11 | B8: =A8 -> 11 | C8: =TEXT(A8,LOOKUP(A8,$F$8:$F$14,$G$8:$G$14)) -> 11 | F8: -999999999999999 | G8: #,##,,,.00 "B" | H8: ;(#,##,,,.0 "B")
A9: 111 | B9: =A9 -> 111 | C9: =TEXT(A9,LOOKUP(A9,$F$8:$F$14,$G$8:$G$14)) -> 111 | F9: -999999999 | G9: #,##,,.00 "M" | H9: ;(#,##,,.0 "M")
A10: 1111 | B10: =A10 -> 1111 | C10: =TEXT(A10,LOOKUP(A10,$F$8:$F$14,$G$8:$G$14)) -> 1.1 K | F10: -999999 | G10: #,##,.00 "K" | H10: ;(#,##,.0 "K")
A11: 11111 | B11: =A11 -> 11111 | C11: =TEXT(A11,LOOKUP(A11,$F$8:$F$14,$G$8:$G$14)) -> 11.1 K | F11: -999 | G11: #,##0 | H11: ;(#,##0)
A12: 100033525 | B12: =A12 -> 100033525 | C12: =TEXT(A12,LOOKUP(A12,$F$8:$F$14,$G$8:$G$14)) -> 100.03 M | F12: 1000 | G12: #,##,.0 "K" | H12: #,##,.0 "K"
A13: 111111111 | B13: =A13 -> 111111111 | C13: =TEXT(A13,LOOKUP(A13,$F$8:$F$14,$G$8:$G$14)) -> 111.11 M | F13: 1000000 | G13: #,##,,.00 "M" | H13: #,##,,.0 "M"
A14: 1111111111 | B14: =A14 -> 1111111111 | C14: =TEXT(A14,LOOKUP(A14,$F$8:$F$14,$G$8:$G$14)) -> 1.11 B | F14: 1000000000 | G14: #,##,,,.00 "B" | H14: #,##,,,.0 "B"
A15: 11111151555 | B15: =A15 -> 11111151555 | C15: =TEXT(A15,LOOKUP(A15,$F$8:$F$14,$G$8:$G$14)) -> 11.11 B | F15: 1000000000000 | G15: #,##,,,,.00 "T" | H15: #,##,,,,.00 "T"
A17: 30615700000000 | C17: =TEXT(A17,LOOKUP(A17,$F$8:$F$15,$G$8:$G$15)) -> 30.62 T
A18: 884387000000 | C18: =TEXT(A18,LOOKUP(A18,$F$8:$F$15,$G$8:$G$15)) -> 884.39 B

Sheet all_countries_raw_numbers
A1: countryname | B1: gdp | C1: population | D1: gdp per capita | E1: debt | F1: foreign currency reserves | G1: gold reserves | H1: debtt | I1: gdpp
A2: United States | B2: 30615700000000 | C2: 3.4169737e+08 | D2: 89599 | E2: 37963500000000 | F2: 38330000000 | G2: 1179290000000 | H2: =_xlfn.NUMBERVALUE(TRIM(Table2[[#This Row],[debt]])) -> 37963500000000 | I2: =_xlfn.NUMBERVALUE(TRIM(Table2[[#This Row],[gdp]])) -> 30615700000000
A3: China | B3: 19398600000000 | C3: 1405083080 | D3: 13806 | E3: 17128900000000 | F3: 3358000000000 | G3: 334080000000 | H3: =_xlfn.NUMBERVALUE(TRIM(Table2[[#This Row],[debt]])) -> 17128900000000 | I3: =_xlfn.NUMBERVALUE(TRIM(Table2[[#This Row],[gdp]])) -> 19398600000000
A4: Germany | B4: 5013570000000 | C4: 83664147 | D4: 59925 | E4: 3118440000000 | F4: 481795000000 | G4: 485750000000 | H4: =_xlfn.NUMBERVALUE(TRIM(Table2[[#This Row],[debt]])) -> 3118440000000 | I4: =_xlfn.NUMBERVALUE(TRIM(Table2[[#This Row],[gdp]])) -> 5013570000000
A5: Japan | B5: 4279830000000 | C5: 1.2329179e+08 | D5: 34713 | E5: 10143200000000 | F5: 1369800000000 | G5: 122670000000 | H5: =_xlfn.NUMBERVALUE(TRIM(Table2[[#This Row],[debt]])) -> 10143200000000 | I5: =_xlfn.NUMBERVALUE(TRIM(Table2[[#This Row],[gdp]])) -> 4279830000000
A6: India | B6: 4125210000000 | C6: 1463879702 | D6: 2818 | E6: 3379370000000 | F6: 686800000000 | G6: 127600000000 | H6: =_xlfn.NUMBERVALUE(TRIM(Table2[[#This Row],[debt]])) -> 3379370000000 | I6: =_xlfn.NUMBERVALUE(TRIM(Table2[[#This Row],[gdp]])) -> 4125210000000
A7: United Kingdom | B7: 3958780000000 | C7: 69867810 | D7: 56661 | E7: 3705420000000 | F7: 222489000000 | G7: 44950000000 | H7: =_xlfn.NUMBERVALUE(TRIM(Table2[[#This Row],[debt]])) -> 3705420000000 | I7: =_xlfn.NUMBERVALUE(TRIM(Table2[[#This Row],[gdp]])) -> 3958780000000
A8: France | B8: 3361560000000 | C8: 68628415 | D8: 48982 | E8: 3798560000000 | F8: 363000000 | G8: 353365000000 | H8: =_xlfn.NUMBERVALUE(TRIM(Table2[[#This Row],[debt]])) -> 3798560000000 | I8: =_xlfn.NUMBERVALUE(TRIM(Table2[[#This Row],[gdp]])) -> 3361560000000
A9: Italy | B9: 2543680000000 | C9: 58934617 | D9: 43161 | E9: 3433960000000 | F9: 365576000000 | G9: 355540000000 | H9: =_xlfn.NUMBERVALUE(TRIM(Table2[[#This Row],[debt]])) -> 3433960000000 | I9: =_xlfn.NUMBERVALUE(TRIM(Table2[[#This Row],[gdp]])) -> 2543680000000
A10: Russia | B10: 2540660000000 | C10: 1.4562971e+08 | D10: 17446 | E10: 416668000000 | F10: 734588000000 | G10: 337850000000 | H10: =_xlfn.NUMBERVALUE(TRIM(Table2[[#This Row],[debt]])) -> 416668000000 | I10: =_xlfn.NUMBERVALUE(TRIM(Table2[[#This Row],[gdp]])) -> 2540660000000
A11: Canada | B11: 2283600000000 | C11: 41569109 | D11: 54935 | E11: 2534790000000 | F11: 127787000000 | G11: 0 | H11: =_xlfn.NUMBERVALUE(TRIM(Table2[[#This Row],[debt]])) -> 2534790000000 | I11: =_xlfn.NUMBERVALUE(TRIM(Table2[[#This Row],[gdp]])) -> 2283600000000
A12: Brazil | B12: 2256910000000 | C12: 213358858 | D12: 10578 | E12: 1726540000000 | F12: 361521000000 | G12: 21025000000 | H12: =_xlfn.NUMBERVALUE(TRIM(Table2[[#This Row],[debt]])) -> 1726540000000 | I12: =_xlfn.NUMBERVALUE(TRIM(Table2[[#This Row],[gdp]])) -> 2256910000000
A13: Spain | B13: 1891370000000 | C13: 49720584 | D13: 38040 | E13: 1929200000000 | F13: 1090090000000 | G13: 40890000000 | H13: =_xlfn.NUMBERVALUE(TRIM(Table2[[#This Row],[debt]])) -> 1929200000000 | I13: =_xlfn.NUMBERVALUE(TRIM(Table2[[#This Row],[gdp]])) -> 1891370000000
... A219: Tuvalu | B219: 58000000 | C219: 9948.542 | D219: 5830 | E219: 0 | F219: 0 | G219: 0 | H219: =_xlfn.NUMBERVALUE(TRIM(Table2[[#This Row],[debt]])) -> 0 | I219: =_xlfn.NUMBERVALUE(TRIM(Table2[[#This Row],[gdp]])) -> 58000000

Sheet report
P2: Row Labels | Q2: Gold Reservess | S2: Country | T2: =Q2 -> Gold Reservess | W2: Row Labels | X2: Sum of gdp per capita | Z2: Country | AA2: Gdp per capita | AD2: Sum of gdp | AG2: Sum of debt | AI2: Sum of population | AK2: Sum of gold reserves | AM2: Max of gdp per capita | AP2: Row Labels | AQ2: Sum of gdp | AT2: Country | AU2: Gdp | AX2: =AT2 -> Country | AY2: GDP
A3: Row Labels | B3: Sum of gdp | E3: country | F3: GDP | H3: country | I3: GDP | K3: Row Labels | L3: Sum of population | M3: Sum of gdp per capita | P3: China | Q3: 334080000000 | S3: =P3 -> China | T3: =GETPIVOTDATA("gold reserves",$P$3,"countryname",P3) -> 334080000000 | W3: Norway | X3: 91884 | Z3: =W3 -> Norway | AA3: =GETPIVOTDATA("gdp per capita",$W$2,"countryname",W3) -> 91884 | AD3: 117486406122782 | AG3: 1.0684926e+14 | AI3: 8.1246285e+09 | AK3: 4703138000000 | AM3: 256581 | AP3: Afghanistan | AQ3: 18080000000 | AT3: =AP3 -> Afghanistan | AU3: =GETPIVOTDATA("gdp",$AP$2,"countryname",AP3) -> 18080000000 | AX3: Afghanistan | AY3: 18.1 B
A4: United States | B4: 30615700000000 | E4: =A4 -> United States | F4: =TEXT(B4,LOOKUP(B4,units!$F$8:$F$15,units!$H$8:$H$15)) -> 30.62 T | H4: United States | I4: 30.62 T | K4: India | L4: 1463879702 | M4: 2818 | P4: France | Q4: 353365000000 | S4: =P4 -> France | T4: =GETPIVOTDATA("gold reserves",$P$3,"countryname",P4) -> 353365000000 | W4: Singapore | X4: 94481 | Z4: =W4 -> Singapore | AA4: =GETPIVOTDATA("gdp per capita",$W$2,"countryname",W4) -> 94481 | AP4: Albania | AQ4: 29939000000 | AT4: =AP4 -> Albania | AU4: =GETPIVOTDATA("gdp",$AP$2,"countryname",AP4) -> 29939000000 | AX4: Albania | AY4: 29.9 B
A5: China | B5: 19398600000000 | E5: =A5 -> China | F5: =TEXT(B5,LOOKUP(B5,units!$F$8:$F$15,units!$H$8:$H$15)) -> 19.40 T | H5: China | I5: 19.40 T | K5: China | L5: 1405083080 | M5: 13806 | P5: Germany | Q5: 485750000000 | S5: =P5 -> Germany | T5: =GETPIVOTDATA("gold reserves",$P$3,"countryname",P5) -> 485750000000 | W5: Cayman Islands | X5: 97750 | Z5: =W5 -> Cayman Islands | AA5: =GETPIVOTDATA("gdp per capita",$W$2,"countryname",W5) -> 97750 | AD5: =GETPIVOTDATA("gdp",$AD$2) -> 117486406122782 | AG5: =GETPIVOTDATA("debt",$AG$2) -> 1.0684926e+14 | AI5: =GETPIVOTDATA("population",$AI$2) -> 8.1246285e+09 | AK5: =GETPIVOTDATA("gold reserves",$AK$2) -> 4703138000000 | AM5: =GETPIVOTDATA("gdp per capita",$AM$2) -> 256581 | AP5: Algeria | AQ5: 288013000000 | AT5: =AP5 -> Algeria | AU5: =GETPIVOTDATA("gdp",$AP$2,"countryname",AP5) -> 288013000000 | AX5: Algeria | AY5: 288.0 B
A6: Germany | B6: 5013570000000 | E6: =A6 -> Germany | F6: =TEXT(B6,LOOKUP(B6,units!$F$8:$F$15,units!$H$8:$H$15)) -> 5.01 T | H6: Germany | I6: 5.01 T | K6: United States | L6: 3.4169737e+08 | M6: 89599 | P6: India | Q6: 127600000000 | S6: =P6 -> India | T6: =GETPIVOTDATA("gold reserves",$P$3,"countryname",P6) -> 127600000000 | W6: Iceland | X6: 98150 | Z6: =W6 -> Iceland | AA6: =GETPIVOTDATA("gdp per capita",$W$2,"countryname",W6) -> 98150 | AP6: American Samoa | AQ6: 871000000 | AT6: =AP6 -> American Samoa | AU6: =GETPIVOTDATA("gdp",$AP$2,"countryname",AP6) -> 871000000 | AX6: American Samoa | AY6: 871.0 M
A7: Japan | B7: 4279830000000 | E7: =A7 -> Japan | F7: =TEXT(B7,LOOKUP(B7,units!$F$8:$F$15,units!$H$8:$H$15)) -> 4.28 T | H7: Japan | I7: 4.28 T | K7: Indonesia | L7: 2.8444147e+08 | M7: 5074 | P7: Italy | Q7: 355540000000 | S7: =P7 -> Italy | T7: =GETPIVOTDATA("gold reserves",$P$3,"countryname",P7) -> 355540000000 | W7: Switzerland | X7: 111047 | Z7: =W7 -> Switzerland | AA7: =GETPIVOTDATA("gdp per capita",$W$2,"countryname",W7) -> 111047 | AD7: =TEXT(AD5,LOOKUP(AD5,units!$F$8:$F$15,units!$H$8:$H$15)) -> 117.49 T | AG7: =TEXT(AG5,LOOKUP(AG5,units!$F$8:$F$15,units!$G$8:$G$15)) -> 106.85 T | AI7: =TEXT(AI5,LOOKUP(AI5,units!$F$8:$F$15,units!$H$8:$H$15)) -> 8.1 B | AK7: =TEXT(AK5,LOOKUP(AK5,units!$F$8:$F$15,units!$H$8:$H$15)) -> 4.70 T | AP7: Andorra | AQ7: 4408000000 | AT7: =AP7 -> Andorra | AU7: =GETPIVOTDATA("gdp",$AP$2,"countryname",AP7) -> 4408000000 | AX7: Andorra | AY7: 4.4 B
A8: India | B8: 4125210000000 | E8: =A8 -> India | F8: =TEXT(B8,LOOKUP(B8,units!$F$8:$F$15,units!$H$8:$H$15)) -> 4.13 T | H8: India | I8: 4.13 T | K8: Pakistan | L8: 2.4047745e+08 | M8: 1707 | P8: Japan | Q8: 122670000000 | S8: =P8 -> Japan | T8: =GETPIVOTDATA("gold reserves",$P$3,"countryname",P8) -> 122670000000 | W8: Ireland | X8: 129132 | Z8: =W8 -> Ireland | AA8: =GETPIVOTDATA("gdp per capita",$W$2,"countryname",W8) -> 129132 | AP8: Angola | AQ8: 115167000000 | AT8: =AP8 -> Angola | AU8: =GETPIVOTDATA("gdp",$AP$2,"countryname",AP8) -> 115167000000 | AX8: Angola | AY8: 115.2 B
A9: United Kingdom | B9: 3958780000000 | E9: =A9 -> United Kingdom | F9: =TEXT(B9,LOOKUP(B9,units!$F$8:$F$15,units!$H$8:$H$15)) -> 3.96 T | H9: United Kingdom | I9: 3.96 T | K9: Nigeria | L9: 237502500 | M9: 1200 | P9: Russia | Q9: 337850000000 | S9: =P9 -> Russia | T9: =GETPIVOTDATA("gold reserves",$P$3,"countryname",P9) -> 337850000000 | W9: Bermuda | X9: 138935 | Z9: =W9 -> Bermuda | AA9: =GETPIVOTDATA("gdp per capita",$W$2,"countryname",W9) -> 138935 | AP9: Anguilla | AQ9: 415735284 | AT9: =AP9 -> Anguilla | AU9: =GETPIVOTDATA("gdp",$AP$2,"countryname",AP9) -> 415735284 | AX9: Anguilla | AY9: 415.7 M
A10: France | B10: 3361560000000 | E10: =A10 -> France | F10: =TEXT(B10,LOOKUP(B10,units!$F$8:$F$15,units!$H$8:$H$15)) -> 3.36 T | H10: France | I10: 3.36 T | K10: Brazil | L10: 213358858 | M10: 10578 | P10: Switzerland | Q10: 150800000000 | S10: =P10 -> Switzerland | T10: =GETPIVOTDATA("gold reserves",$P$3,"countryname",P10) -> 150800000000 | W10: Luxembourg | X10: 146818 | Z10: =W10 -> Luxembourg | AA10: =GETPIVOTDATA("gdp per capita",$W$2,"countryname",W10) -> 146818 | AP10: Antigua and Barbuda | AQ10: 2340000000 | AT10: =AP10 -> Antigua and Barbuda | AU10: =GETPIVOTDATA("gdp",$AP$2,"countryname",AP10) -> 2340000000 | AX10: Antigua and Barbuda | AY10: 2.3 B
A11: Italy | B11: 2543680000000 | E11: =A11 -> Italy | F11: =TEXT(B11,LOOKUP(B11,units!$F$8:$F$15,units!$H$8:$H$15)) -> 2.54 T | H11: Italy | I11: 2.54 T | K11: Bangladesh | L11: 1.7374214e+08 | M11: 2734 | P11: Turkey | Q11: 92945000000 | S11: =P11 -> Turkey | T11: =GETPIVOTDATA("gold reserves",$P$3,"countryname",P11) -> 92945000000 | W11: Liechtenstein | X11: 231713 | Z11: =W11 -> Liechtenstein | AA11: =GETPIVOTDATA("gdp per capita",$W$2,"countryname",W11) -> 231713 | AP11: Argentina | AQ11: 683371000000 | AT11: =AP11 -> Argentina | AU11: =GETPIVOTDATA("gdp",$AP$2,"countryname",AP11) -> 683371000000 | AX11: Argentina | AY11: 683.4 B
A12: Russia | B12: 2540660000000 | E12: =A12 -> Russia | F12: =TEXT(B12,LOOKUP(B12,units!$F$8:$F$15,units!$H$8:$H$15)) -> 2.54 T | H12: Russia | I12: 2.54 T | K12: Russia | L12: 1.4562971e+08 | M12: 17446 | P12: United States | Q12: 1179290000000 | S12: =P12 -> United States | T12: =GETPIVOTDATA("gold reserves",$P$3,"countryname",P12) -> 1179290000000 | W12: Monaco | X12: 256581 | Z12: =W12 -> Monaco | AA12: =GETPIVOTDATA("gdp per capita",$W$2,"countryname",W12) -> 256581 | AP12: Armenia | AQ12: 27859000000 | AT12: =AP12 -> Armenia | AU12: =GETPIVOTDATA("gdp",$AP$2,"countryname",AP12) -> 27859000000 | AX12: Armenia | AY12: 27.9 B
A13: Canada | B13: 2283600000000 | E13: =A13 -> Canada | F13: =TEXT(B13,LOOKUP(B13,units!$F$8:$F$15,units!$H$8:$H$15)) -> 2.28 T | H13: Canada | I13: 2.28 T | K13: Mexico | L13: 1.3336722e+08 | M13: 13967 | P13: Grand Total | Q13: 3539890000000 | W13: Grand Total | X13: 1396491 | AP13: Aruba | AQ13: 4319000000 | AT13: =AP13 -> Aruba | AU13: =GETPIVOTDATA("gdp",$AP$2,"countryname",AP13) -> 4319000000 | AX13: Aruba | AY13: 4.3 B
A14: Grand Total | B14: 78121190000000 | K14: Grand Total | L14: 4.6391795e+09 | M14: 158929 | AP14: Australia | AQ14: 1829510000000 | AT14: =AP14 -> Australia | AU14: =GETPIVOTDATA("gdp",$AP$2,"countryname",AP14) -> 1829510000000 | AX14: Australia | AY14: 1.83 T
AP15: Austria | AQ15: 566456000000 | AT15: =AP15 -> Austria | AU15: =GETPIVOTDATA("gdp",$AP$2,"countryname",AP15) -> 566456000000 | AX15: Austria | AY15: 566.5 B
AP16: Azerbaijan | AQ16: 76390000000 | AT16: =AP16 -> Azerbaijan | AU16: =GETPIVOTDATA("gdp",$AP$2,"countryname",AP16) -> 76390000000 | AX16: Azerbaijan | AY16: 76.4 B
AP17: Bahamas | AQ17: 16393000000 | AT17: =AP17 -> Bahamas | AU17: =GETPIVOTDATA("gdp",$AP$2,"countryname",AP17) -> 16393000000 | AX17: Bahamas | AY17: 16.4 B
AP18: Bahrain | AQ18: 47391000000 | AT18: =AP18 -> Bahrain | AU18: =GETPIVOTDATA("gdp",$AP$2,"countryname",AP18) -> 47391000000 | AX18: Bahrain | AY18: 47.4 B
AP19: Bangladesh | AQ19: 475011000000 | AT19: =AP19 -> Bangladesh | AU19: =GETPIVOTDATA("gdp",$AP$2,"countryname",AP19) -> 475011000000 | AX19: Bangladesh | AY19: 475.0 B
AP20: Barbados | AQ20: 7559000000 | AT20: =AP20 -> Barbados | AU20: =GETPIVOTDATA("gdp",$AP$2,"countryname",AP20) -> 7559000000 | AX20: Barbados | AY20: 7.6 B
AP21: Belarus | AQ21: 85739000000 | AT21: =AP21 -> Belarus | AU21: =GETPIVOTDATA("gdp",$AP$2,"countryname",AP21) -> 85739000000 | AX21: Belarus | AY21: 85.7 B
AP22: Belgium | AQ22: 716980000000 | AT22: =AP22 -> Belgium | AU22: =GETPIVOTDATA("gdp",$AP$2,"countryname",AP22) -> 716980000000 | AX22: Belgium | AY22: 717.0 B
AP23: Belize | AQ23: 3297000000 | AT23: =AP23 -> Belize | AU23: =GETPIVOTDATA("gdp",$AP$2,"countryname",AP23) -> 3297000000 | AX23: Belize | AY23: 3.3 B
AP24: Benin | AQ24: 24402000000 | AT24: =AP24 -> Benin | AU24: =GETPIVOTDATA("gdp",$AP$2,"countryname",AP24) -> 24402000000 | AX24: Benin | AY24: 24.4 B
AP25: Bermuda | AQ25: 8980200000 | AT25: =AP25 -> Bermuda | AU25: =GETPIVOTDATA("gdp",$AP$2,"countryname",AP25) -> 8980200000 | AX25: Bermuda | AY25: 9.0 B
AP26: Bhutan | AQ26: 3408000000 | AT26: =AP26 -> Bhutan | AU26: =GETPIVOTDATA("gdp",$AP$2,"countryname",AP26) -> 3408000000 | AX26: Bhutan | AY26: 3.4 B
... AP220: Zimbabwe | AQ220: 53310000000 | AT220: =AP220 -> Zimbabwe | AU220: =GETPIVOTDATA("gdp",$AP$2,"countryname",AP220) -> 53310000000 | AX220: Zimbabwe | AY220: 53.3 B
AP221: Grand Total | AQ221: 117486406122782 | AT221: =AP221 -> Grand Total | AU221: =GETPIVOTDATA("gdp",$AP$2,"countryname",AP221) -> #REF!

Sheet dashboard

Sheet maps
